# cea equilibrium air: p_bar, t_k, rho_kg_m3, h_kj_kg
1.000000e-03	200.00	1.737000e-03	-9.899700e+01
1.000000e-03	300.00	1.158000e-03	1.869000e+00
1.000000e-03	400.00	8.686000e-04	1.032710e+02
1.000000e-03	500.00	6.948000e-04	2.059460e+02
1.000000e-03	700.00	4.963000e-04	4.174970e+02
1.000000e-03	1000.00	3.474000e-04	7.525270e+02
1.000000e-03	1500.00	2.316000e-04	1.350709e+03
1.000000e-03	2000.00	1.729000e-04	2.076632e+03
1.000000e-03	2500.00	1.281000e-04	4.158178e+03
1.000000e-03	3000.00	9.625000e-05	6.899926e+03
1.000000e-03	4000.00	6.976000e-05	9.371682e+03
1.000000e-03	5000.00	4.271000e-05	2.362379e+04
1.000000e-03	6000.00	2.926000e-05	3.720181e+04
1.000000e-03	8000.00	2.172000e-05	4.155729e+04
1.000000e-03	10000.00	1.737000e-05	4.549114e+04
1.000000e-03	12000.00	1.448000e-05	4.950226e+04
3.000000e-03	200.00	5.211000e-03	-9.899700e+01
3.000000e-03	300.00	3.474000e-03	1.869000e+00
3.000000e-03	500.00	2.085000e-03	2.059460e+02
3.000000e-03	700.00	1.489000e-03	4.174970e+02
3.000000e-03	1000.00	1.042000e-03	7.525270e+02
3.000000e-03	1500.00	6.948000e-04	1.350486e+03
3.000000e-03	2000.00	5.197000e-04	2.040612e+03
3.000000e-03	2500.00	3.957000e-04	3.614581e+03
3.000000e-03	3000.00	2.934000e-04	6.575906e+03
3.000000e-03	4000.00	2.114000e-04	8.975821e+03
3.000000e-03	5000.00	1.406000e-04	1.876767e+04
3.000000e-03	6000.00	8.943000e-05	3.594559e+04
3.000000e-03	8000.00	6.516000e-05	4.154713e+04
3.000000e-03	10000.00	5.211000e-05	4.549066e+04
3.000000e-03	12000.00	4.343000e-05	4.950224e+04
1.000000e-02	200.00	1.737000e-02	-9.899700e+01
1.000000e-02	300.00	1.158000e-02	1.869000e+00
1.000000e-02	400.00	8.686000e-03	1.032710e+02
1.000000e-02	500.00	6.948000e-03	2.059460e+02
1.000000e-02	700.00	4.963000e-03	4.174970e+02
1.000000e-02	1500.00	2.316000e-03	1.350348e+03
1.000000e-02	2000.00	1.734000e-03	2.018221e+03
1.000000e-02	2500.00	1.348000e-03	3.218628e+03
1.000000e-02	3000.00	1.009000e-03	5.951447e+03
1.000000e-02	4000.00	7.098000e-04	8.711278e+03
1.000000e-02	5000.00	5.066000e-04	1.500382e+04
1.000000e-02	6000.00	3.134000e-04	3.270476e+04
1.000000e-02	8000.00	2.173000e-04	4.151168e+04
1.000000e-02	10000.00	1.737000e-04	4.548901e+04
1.000000e-02	12000.00	1.448000e-04	4.950200e+04
3.000000e-02	200.00	5.211000e-02	-9.899700e+01
3.000000e-02	300.00	3.474000e-02	1.869000e+00
3.000000e-02	400.00	2.606000e-02	1.032710e+02
3.000000e-02	500.00	2.085000e-02	2.059460e+02
3.000000e-02	700.00	1.489000e-02	4.174970e+02
3.000000e-02	1000.00	1.042000e-02	7.525270e+02
3.000000e-02	1500.00	6.948000e-03	1.350278e+03
3.000000e-02	2000.00	5.207000e-03	2.006720e+03
3.000000e-02	3000.00	3.139000e-03	5.248709e+03
3.000000e-02	4000.00	2.142000e-03	8.538058e+03
3.000000e-02	5000.00	1.594000e-03	1.286692e+04
3.000000e-02	6000.00	1.019000e-03	2.780200e+04
3.000000e-02	8000.00	6.528000e-04	4.141120e+04
3.000000e-02	10000.00	5.212000e-04	4.548427e+04
3.000000e-02	12000.00	4.343000e-04	4.950141e+04
1.000000e-01	200.00	1.737000e-01	-9.899700e+01
1.000000e-01	300.00	1.158000e-01	1.869000e+00
1.000000e-01	400.00	8.686000e-02	1.032710e+02
1.000000e-01	500.00	6.948000e-02	2.059460e+02
1.000000e-01	700.00	4.963000e-02	4.174970e+02
1.000000e-01	1000.00	3.474000e-02	7.525270e+02
1.000000e-01	1500.00	2.316000e-02	1.350234e+03
1.000000e-01	2000.00	1.736000e-02	1.999600e+03
1.000000e-01	2500.00	1.376000e-02	2.854237e+03
1.000000e-01	3000.00	1.085000e-02	4.566864e+03
1.000000e-01	4000.00	7.204000e-03	8.337678e+03
1.000000e-01	6000.00	3.774000e-03	2.199949e+04
1.000000e-01	8000.00	2.187000e-03	4.106850e+04
1.000000e-01	10000.00	1.738000e-03	4.546772e+04
1.000000e-01	12000.00	1.448000e-03	4.949936e+04
3.000000e-01	200.00	5.211000e-01	-9.899700e+01
3.000000e-01	300.00	3.474000e-01	1.869000e+00
3.000000e-01	400.00	2.606000e-01	1.032710e+02
3.000000e-01	500.00	2.085000e-01	2.059460e+02
3.000000e-01	700.00	1.489000e-01	4.174970e+02
3.000000e-01	1000.00	1.042000e-01	7.525270e+02
3.000000e-01	1500.00	6.948000e-02	1.350212e+03
3.000000e-01	2000.00	5.210000e-02	1.995952e+03
3.000000e-01	2500.00	4.144000e-02	2.779110e+03
3.000000e-01	3000.00	3.335000e-02	4.121090e+03
3.000000e-01	4000.00	2.192000e-02	8.054224e+03
3.000000e-01	5000.00	1.680000e-02	1.071412e+04
3.000000e-01	6000.00	1.230000e-02	1.787672e+04
3.000000e-01	8000.00	6.647000e-03	4.015971e+04
3.000000e-01	12000.00	4.343000e-03	4.949349e+04
1.000000e+00	200.00	1.737000e+00	-9.899700e+01
1.000000e+00	300.00	1.158000e+00	1.869000e+00
1.000000e+00	400.00	8.686000e-01	1.032710e+02
1.000000e+00	500.00	6.948000e-01	2.059460e+02
1.000000e+00	700.00	4.963000e-01	4.174970e+02
1.000000e+00	1000.00	3.474000e-01	7.525270e+02
1.000000e+00	1500.00	2.316000e-01	1.350198e+03
1.000000e+00	2000.00	1.737000e-01	1.993697e+03
1.000000e+00	2500.00	1.385000e-01	2.732058e+03
1.000000e+00	3000.00	1.131000e-01	3.809255e+03
1.000000e+00	4000.00	7.506000e-02	7.534799e+03
1.000000e+00	5000.00	5.692000e-02	1.017397e+04
1.000000e+00	6000.00	4.371000e-02	1.492661e+04
1.000000e+00	8000.00	2.301000e-02	3.760325e+04
1.000000e+00	10000.00	1.743000e-02	4.525760e+04
1.000000e+00	12000.00	1.448000e-02	4.947300e+04
3.000000e+00	200.00	5.211000e+00	-9.899700e+01
3.000000e+00	400.00	2.606000e+00	1.032710e+02
3.000000e+00	500.00	2.085000e+00	2.059460e+02
3.000000e+00	700.00	1.489000e+00	4.174970e+02
3.000000e+00	1000.00	1.042000e+00	7.525270e+02
3.000000e+00	1500.00	6.948000e-01	1.350191e+03
3.000000e+00	2000.00	5.211000e-01	1.992543e+03
3.000000e+00	2500.00	4.161000e-01	2.707788e+03
3.000000e+00	3000.00	3.426000e-01	3.638538e+03
3.000000e+00	4000.00	2.329000e-01	6.897880e+03
3.000000e+00	5000.00	1.734000e-01	9.773062e+03
3.000000e+00	6000.00	1.364000e-01	1.327767e+04
3.000000e+00	8000.00	7.402000e-02	3.314776e+04
3.000000e+00	10000.00	5.261000e-02	4.480758e+04
3.000000e+00	12000.00	4.348000e-02	4.941468e+04
1.000000e+01	200.00	1.737000e+01	-9.899700e+01
1.000000e+01	300.00	1.158000e+01	1.869000e+00
1.000000e+01	400.00	8.686000e+00	1.032710e+02
1.000000e+01	500.00	6.948000e+00	2.059460e+02
1.000000e+01	1000.00	3.474000e+00	7.525270e+02
1.000000e+01	1500.00	2.316000e+00	1.350187e+03
1.000000e+01	2000.00	1.737000e+00	1.991829e+03
1.000000e+01	2500.00	1.388000e+00	2.692729e+03
1.000000e+01	3000.00	1.149000e+00	3.529277e+03
1.000000e+01	4000.00	8.057000e-01	6.210846e+03
1.000000e+01	5000.00	5.919000e-01	9.276863e+03
1.000000e+01	6000.00	4.692000e-01	1.214015e+04
1.000000e+01	8000.00	2.742000e-01	2.700403e+04
1.000000e+01	10000.00	1.789000e-01	4.339294e+04
1.000000e+01	12000.00	1.453000e-01	4.921338e+04
